text,font_size,font_name,is_bold,is_title_case,is_uppercase,x,y,page,line_len
Ontario’s Libraries,15.960000038146973,Arial-Black,0,0,0,95.44059753417969,72.48301696777344,1,19
Working Together,15.960000038146973,Arial-Black,0,1,0,95.44059753417969,95.03446960449219,1,16
RFP: R,32.040000915527344,Arial-Black,0,0,1,90.02429962158203,157.57330322265625,1,6
RFP: R,32.040000915527344,Arial-Black,0,0,1,90.05634307861328,157.31695556640625,1,6
RFP: R,32.040000915527344,Arial-Black,0,0,1,90.28062438964844,157.57330322265625,1,6
RFP: Reeeequest f,32.040000915527344,Arial-Black,0,0,0,90.31266784667969,157.31695556640625,1,17
quest f,32.040000915527344,Arial-Black,0,0,0,209.4694366455078,157.31695556640625,1,7
quest f,32.040000915527344,Arial-Black,0,0,0,209.66168212890625,157.57330322265625,1,7
quest foooor Pr,32.040000915527344,Arial-Black,0,0,0,209.66168212890625,157.31695556640625,1,15
r Pr,32.040000915527344,Arial-Black,0,0,0,332.1506042480469,157.31695556640625,1,4
r Pr,32.040000915527344,Arial-Black,0,0,0,332.310791015625,157.57330322265625,1,4
r Proposal,32.040000915527344,Arial-Black,0,0,0,332.34283447265625,157.31695556640625,1,10
oposal,32.040000915527344,Arial-Black,0,0,0,385.3690490722656,157.31695556640625,1,6
oposal,32.040000915527344,Arial-Black,0,0,0,385.52923583984375,157.57330322265625,1,6
oposal,32.040000915527344,Arial-Black,0,0,0,385.561279296875,157.31695556640625,1,6
To Present a Proposal for Developing,24.0,ArialMT,0,0,0,131.80059814453125,244.3199920654297,1,36
the Business Plan for the Ontario,24.0,ArialMT,0,0,0,131.80059814453125,271.9200134277344,1,33
Digital Library,24.0,ArialMT,0,1,0,131.80059814453125,299.52001953125,1,15
"March 21, 2003",20.040000915527344,ArialMT,0,1,0,238.2406005859375,339.0570068359375,1,14
"The Ontario Digital Library will make Ontario a better place to study, work and live by ensuring that",9.960000038146973,ComicSansMS,0,0,0,91.64053344726562,694.532958984375,1,101
all Ontario citizens have access to the knowledge and learning supports needed to be life-long,9.960000038146973,ComicSansMS,0,0,0,91.64048767089844,708.45703125,1,94
learners and effective contributors towards Ontario’s prosperity.,9.960000038146973,ComicSansMS,0,0,0,91.64044189453125,722.381103515625,1,65
Ontario’s Digital Library,20.040000915527344,Arial-Black,0,0,0,90.04060363769531,89.09701538085938,2,25
A Critical Component for Implementing Ontario’s Road Map to,15.960000038146973,ArialMT,0,0,0,90.04060363769531,117.60289001464844,2,59
Prosperity Strategy,15.960000038146973,ArialMT,0,1,0,90.04060363769531,135.95689392089844,2,19
Summary,12.0,Arial-Black,0,1,0,96.04060363769531,196.01998901367188,2,7
The purpose of this,11.039999961853027,ArialMT,0,0,0,96.04060363769531,226.69200134277344,2,19
Request for Proposal,11.039999961853027,Arial-BoldMT,1,0,0,194.922607421875,226.7471923828125,2,20
(,11.039999961853027,ArialMT,0,0,0,305.734375,226.69200134277344,2,1
RFP,11.039999961853027,Arial-BoldMT,1,0,1,312.2810974121094,226.7471923828125,2,3
) is to invite firms and/or consultants to,11.039999961853027,ArialMT,0,0,0,333.5264587402344,226.69200134277344,2,42
present a proposal for developing the business plan for the,11.039999961853027,ArialMT,0,0,0,96.04061889648438,239.2886199951172,2,59
Ontario Digital Library (ODL).,11.039999961853027,Arial-BoldMT,1,0,0,375.39678955078125,239.34381103515625,2,30
The ODL will deliver high-quality library electronic content to all Ontario residents in order to,11.039999961853027,ArialMT,0,0,0,96.04061889648438,252.00669860839844,2,97
"assist people as they learn, work, and enhance their quality of life. The business plan to be",11.039999961853027,ArialMT,0,0,0,96.04061889648438,264.7247619628906,2,93
developed is to document and clearly communicate:,11.039999961853027,ArialMT,0,0,0,96.04061889648438,277.3214111328125,2,49
"how the ODL will be implemented, including the timeline",11.039999961853027,ArialMT,0,0,0,132.04205322265625,302.03997802734375,2,55
the financial plan for the implementation,11.039999961853027,ArialMT,0,0,0,132.04205322265625,314.6366271972656,2,41
"the financial plan for the first 2 operating years, including capital and operating costs,",11.039999961853027,ArialMT,0,0,0,132.04205322265625,327.2332763671875,2,90
"revenues, etc.",11.039999961853027,ArialMT,0,0,0,132.63821411132812,339.95135498046875,2,14
a financial forecast for the succeeding 2 operating years,11.039999961853027,ArialMT,0,0,0,132.04200744628906,352.5480041503906,2,57
the services and products to be delivered by the ODL,11.039999961853027,ArialMT,0,0,0,132.04200744628906,365.2660827636719,2,52
how the ODL will operate and be managed following the implementation,11.039999961853027,ArialMT,0,0,0,132.04200744628906,377.86273193359375,2,68
"who will be involved, and what their role/responsibility will be, for both the",11.039999961853027,ArialMT,0,0,0,132.04200744628906,390.4593811035156,2,78
implementation and operational stages,11.039999961853027,ArialMT,0,0,0,132.63816833496094,403.1774597167969,2,37
the marketing and communications plan for the ODL,11.039999961853027,ArialMT,0,0,0,132.04200744628906,415.77410888671875,2,49
This business plan must be completed and approved by the ODL Steering Committee no,11.039999961853027,ArialMT,0,0,0,96.04057312011719,441.0998229980469,2,82
"later than September 30, 2003",11.039999961853027,ArialMT,0,0,0,96.04061126708984,453.69647216796875,2,29
Timeline:,11.039999961853027,Arial-ItalicMT,0,1,0,96.04061126708984,478.4702453613281,2,9
Those firms/consultants intended to submit a proposal to this RFP must indicate their,11.039999961853027,ArialMT,0,0,0,96.04061126708984,503.0121154785156,2,85
intention to do so in an e-mail to Michael Ridley (,11.039999961853027,ArialMT,0,0,0,96.04061126708984,515.7302856445312,2,51
mridley@uoguelph.ca,11.039999961853027,ArialMT,0,0,0,320.56109619140625,515.7302856445312,2,19
) by,11.039999961853027,ArialMT,0,0,0,422.4382019042969,515.7302856445312,2,4
April 11,11.039999961853027,Arial-BoldItalicMT,1,1,0,442.59722900390625,515.7523193359375,2,8
th,6.960000038146973,Arial-BoldItalicMT,1,0,0,481.0006103515625,515.1318359375,2,2
.,11.039999961853027,Arial-BoldItalicMT,1,0,0,487.0006103515625,515.7940673828125,2,1
"Proposals may be e-mailed, mailed, couriered or faxed to: Larry Moore",11.039999961853027,ArialMT,0,0,0,96.04110717773438,540.369140625,2,69
(,11.039999961853027,ArialMT,0,0,0,96.04110717773438,552.9657592773438,2,1
lmoore@accessola.com,11.039999961853027,ArialMT,0,0,0,99.51870727539062,552.9657592773438,2,20
"), Executive Director, The Ontario Library Association,",11.039999961853027,ArialMT,0,1,0,212.08255004882812,552.9657592773438,2,55
100 Lombard,9.960000038146973,ArialMT,0,1,0,463.360595703125,554.1329345703125,2,11
"St., Suite 303, Toronto, ON  M5C 1M3.",9.960000038146973,ArialMT,0,0,0,96.04574584960938,566.8519287109375,2,37
Proposals must be received by,11.039999961853027,ArialMT,0,0,0,269.0805969238281,565.6920166015625,2,29
"Noon on Monday,",11.039999961853027,Arial-BoldItalicMT,1,0,0,415.2391662597656,565.7140502929688,2,15
"April 21, 2003.",11.039999961853027,Arial-BoldItalicMT,1,1,0,96.03964233398438,578.3106689453125,2,15
Those proposals that are short-listed will be invited to discuss their proposal during the week,11.039999961853027,ArialMT,0,0,0,96.03964233398438,603.0072021484375,2,95
of,11.039999961853027,ArialMT,0,0,0,96.03964233398438,615.6038208007812,2,2
"April 28, 2003",11.039999961853027,Arial-BoldItalicMT,1,1,0,109.83964538574219,615.6258544921875,2,14
. No presentation will be expected. Firms or consultants invited to an,11.039999961853027,ArialMT,0,0,0,181.842529296875,615.6038208007812,2,70
interview will be expected to discuss the project and their approach with the selection,11.039999961853027,ArialMT,0,0,0,96.0396499633789,628.3219604492188,2,87
committee,11.039999961853027,ArialMT,0,0,0,96.0396499633789,640.9185791015625,2,9
.,11.039999961853027,Arial-ItalicMT,0,0,0,144.51629638671875,640.9737548828125,2,1
Contracts with the firm/consultant will be signed the week of,11.039999961853027,ArialMT,0,0,0,96.03965759277344,665.5156860351562,2,61
"May 5, 2003",11.039999961853027,Arial-BoldItalicMT,1,1,0,383.322509765625,665.5377197265625,2,11
with the work to,11.039999961853027,ArialMT,0,0,0,443.44635009765625,665.5156860351562,2,16
commence as soon as possible thereafter.,11.039999961853027,ArialMT,0,0,0,96.05068969726562,678.2337646484375,2,40
RFP: To Develop the Ontario Digital Library Business Plan,7.559999942779541,Arial-BoldItalicMT,1,0,0,90.04060363769531,732.7681274414062,2,57
March 2003,7.559999942779541,Arial-BoldItalicMT,1,1,0,296.70526123046875,732.7681274414062,2,10
2222,9.0,Arial-BlackItalic,0,0,0,516.3976440429688,731.2498779296875,2,4
Please note that we reserve the right not to select any of the submitted proposals and may,11.039999961853027,ArialMT,0,0,0,96.04060363769531,70.33201599121094,3,90
seek further response to these Terms of Reference.,11.039999961853027,ArialMT,0,0,0,96.04060363769531,82.92863464355469,3,50
"If you require further information or have any questions, please contact Michael Ridley by e-",11.039999961853027,ArialMT,0,0,0,96.04060363769531,107.64720153808594,3,93
mail (,11.039999961853027,ArialMT,0,0,0,96.04060363769531,120.24382019042969,3,6
mridley@uoguelph.ca,11.039999961853027,ArialMT,0,0,0,123.39772033691406,120.24382019042969,3,19
),11.039999961853027,ArialMT,0,0,0,225.15225219726562,120.24382019042969,3,1
only,11.039999961853027,Arial-BoldItalicMT,1,0,0,233.3119659423828,120.26589965820312,3,4
by,11.039999961853027,ArialMT,0,0,0,254.91062927246094,120.24382019042969,3,2
3:00 p.m. on Friday April 18th,11.039999961853027,Arial-BoldItalicMT,1,0,0,275.3081359863281,120.26589965820312,3,30
. All questions and,11.039999961853027,ArialMT,0,0,0,431.3033447265625,120.24382019042969,3,19
responses will be shared with those who have indicated that they will be submitting a,11.039999961853027,ArialMT,0,0,0,96.01852416992188,132.96189880371094,3,85
"proposal. Please note, that firms/consultants who have not indicated in an e-mail to Michael",11.039999961853027,ArialMT,0,0,0,96.01852416992188,145.5585174560547,3,92
Ridley by April 11,11.039999961853027,ArialMT,0,0,0,96.01852416992188,158.15513610839844,3,18
th,6.960000038146973,ArialMT,0,0,0,184.96060180664062,157.51800537109375,3,2
that they will be submitting a proposal will not receive any further,11.039999961853027,ArialMT,0,0,0,190.2406005859375,158.17198181152344,3,68
information or question responses.,11.039999961853027,ArialMT,0,0,0,96.0362777709961,170.8900604248047,3,34
Background,12.0,Arial-Black,0,1,0,96.04060363769531,206.45999145507812,3,10
"First, some background on the ODL. For the last two years the Ontario Library Association",11.039999961853027,ArialMT,0,0,0,90.04060363769531,237.2519989013672,3,89
"has acted as a catalyst, bringing together the stakeholders needed to create the Ontario",11.039999961853027,ArialMT,0,0,0,90.04060363769531,249.84861755371094,3,88
"Digital Library (ODL). These stakeholders include Ontario’s 5000+ public libraries, university,",11.039999961853027,ArialMT,0,0,0,90.04060363769531,262.4452209472656,3,95
"college, and school libraries, as well as Ontario government ministries.",11.039999961853027,ArialMT,0,0,0,90.04060363769531,275.1632995605469,3,72
Libraries that serve very different clientele recognize that by working together they can create,11.039999961853027,ArialMT,0,0,0,90.04060363769531,299.7604064941406,3,96
"seamless access to quality electronic library services. Through the ODL, students will be",11.039999961853027,ArialMT,0,0,0,90.04060363769531,312.4784851074219,3,89
"able to explore a topic at school, use the same child-safe resources after school (either at",11.039999961853027,ArialMT,0,0,0,90.04060363769531,325.07513427734375,3,92
"home or at a public library), enter college or university with a knowledge of how to use",11.039999961853027,ArialMT,0,0,0,90.04060363769531,337.6717834472656,3,88
"electronic resources that are still available and then, after graduation, continue to use these",11.039999961853027,ArialMT,0,0,0,90.04060363769531,350.3898620605469,3,95
skills and resources at work or at home.,11.039999961853027,ArialMT,0,0,0,90.04060363769531,362.98651123046875,3,40
We are moving into a period of convergence. With convergence we no longer have to license,11.039999961853027,ArialMT,0,0,0,90.04060363769531,387.705078125,3,89
commercial products as individual libraries or institutions. We can work together to spend our,11.039999961853027,ArialMT,0,0,0,90.04060363769531,400.3017272949219,3,94
money wisely. The provincial government has made this possible by working hard to provide,11.039999961853027,ArialMT,0,0,0,90.04060363769531,412.89837646484375,3,89
"all Ontarians with a stable, high-speed communications infrastructure. While there is still a",11.039999961853027,ArialMT,0,0,0,90.04060363769531,425.616455078125,3,93
"great deal of work needed to improve this infrastructure, libraries are beginning to plan how",11.039999961853027,ArialMT,0,0,0,90.04060363769531,438.2131042480469,3,93
best to exploit communications technology. We can reduce barriers to access and create the,11.039999961853027,ArialMT,0,0,0,90.04060363769531,450.9311828613281,3,90
content infrastructure needed to support a knowledge society.,11.039999961853027,ArialMT,0,0,0,90.04060363769531,463.52783203125,3,61
The concept of an ODL is a key element in,11.039999961853027,ArialMT,0,0,0,90.04060363769531,488.12493896484375,3,41
The Roadmap to Prosperity,11.039999961853027,Arial-ItalicMT,0,0,0,290.68157958984375,488.1801452636719,3,25
", a strategic plan to",11.039999961853027,ArialMT,0,0,0,418.8449401855469,488.12493896484375,3,21
envision and attain Ontario’s economic goal prepared by the Ontario Jobs and Investment,11.039999961853027,ArialMT,0,0,0,90.04061889648438,500.8430480957031,3,87
Board. The OJIB strategic plan recommends an electronic library to “connect students to new,11.039999961853027,ArialMT,0,0,0,90.04061889648438,513.439697265625,3,91
"workplaces, new sources of information and applied learning opportunities”. The ODL will do",11.039999961853027,ArialMT,0,0,0,90.04061889648438,526.1577758789062,3,91
"that and much more. The ODL will connect students to electronic information, and will also",11.039999961853027,ArialMT,0,0,0,90.04061889648438,538.75439453125,3,90
leverage this investment to help connect all citizens to the electronic information they need as,11.039999961853027,ArialMT,0,0,0,90.04061889648438,551.3510131835938,3,96
"they make decisions, solve problems and enhance their quality of life.",11.039999961853027,ArialMT,0,0,0,90.04061889648438,564.0691528320312,3,70
Libraries have long been a key delivery point for public services. The ODL will allow that,11.039999961853027,ArialMT,0,0,0,90.04061889648438,589.3948974609375,3,90
"delivery point to move closer to citizens, into the smallest of libraries and even into living",11.039999961853027,ArialMT,0,0,0,90.04061889648438,601.9915161132812,3,94
rooms.,11.039999961853027,ArialMT,0,0,0,90.04061889648438,614.7095947265625,3,6
"Libraries have a long tradition of using a practical, consultative approach to solving problems,",11.039999961853027,ArialMT,0,0,0,90.04061889648438,639.9138793945312,3,96
and of learning from others. The ODL is a very practical solution to various problems.,11.039999961853027,ArialMT,0,0,0,90.04061889648438,652.6320190429688,3,86
Jurisdiction-wide digital libraries are very practical and very real. The ODL we propose is,11.039999961853027,ArialMT,0,0,0,90.04061889648438,677.957763671875,3,91
leading edge for Ontario but several jurisdictions have forged the path with collaborative,11.039999961853027,ArialMT,0,0,0,90.04061889648438,690.5543823242188,3,90
"digital libraries. We can learn from their experiences. For example, The Alberta Library (TAL)",11.039999961853027,ArialMT,0,0,0,90.04061889648438,703.1510620117188,3,94
RFP: To Develop the Ontario Digital Library Business Plan,7.559999942779541,Arial-BoldItalicMT,1,0,0,90.04060363769531,732.7681274414062,3,57
March 2003,7.559999942779541,Arial-BoldItalicMT,1,1,0,296.70526123046875,732.7681274414062,3,10
3333,9.0,Arial-BlackItalic,0,0,0,516.3976440429688,731.2498779296875,3,4
was incorporated in 1997 as a province-wide library consortium. TAL works collaboratively,11.039999961853027,ArialMT,0,0,0,90.03279876708984,70.24369812011719,4,89
with its members to promote universal access to materials and resources in more than 250,11.039999961853027,ArialMT,0,0,0,90.0327377319336,82.84031677246094,4,88
"public, post-secondary, special, government and regional libraries. Unlike ODL, TAL does",11.039999961853027,ArialMT,0,0,0,90.0327377319336,95.55839538574219,4,88
"not include elementary or secondary schools. However, the timeline and funding we are",11.039999961853027,ArialMT,0,0,0,90.0327377319336,108.15501403808594,4,85
proposing for ODL is comparable to TAL‘s experience. TAL’s business planning took several,11.039999961853027,ArialMT,0,0,0,90.0327377319336,120.87309265136719,4,89
years. TAL’s implementation plan was supported by 8 million dollars in provincially shared,11.039999961853027,ArialMT,0,0,0,90.0327377319336,133.46971130371094,4,90
"funding, spread over three years, later revised to 15 million dollars over 4 years. Not only is",11.039999961853027,ArialMT,0,0,0,90.0327377319336,146.0663299560547,4,95
"Alberta’s population 30% of Ontario’s, TAL does not include elementary or secondary",11.039999961853027,ArialMT,0,0,0,90.0327377319336,158.78440856933594,4,83
schools as partners; it has 250 member libraries. ODL envisions universal access for all,11.039999961853027,ArialMT,0,0,0,90.0327377319336,171.3810272216797,4,88
"10,000,000 Ontarians, with more than 5000 Ontario libraries as partners. Although ODL can",11.039999961853027,ArialMT,0,0,0,90.0327377319336,184.09910583496094,4,89
"learn from TAL’s practices, the scope of planning and implementing ODL is much larger than",11.039999961853027,ArialMT,0,0,0,90.0327377319336,196.6957244873047,4,90
TAL.,11.039999961853027,ArialMT,0,0,1,90.0327377319336,209.29234313964844,4,4
The ODL will be a partnership-based organization providing seamless electronic information,11.039999961853027,ArialMT,0,0,0,90.0327377319336,234.6180877685547,4,90
services and resources to the citizens of Ontario. It will use local libraries as the entry point for,11.039999961853027,ArialMT,0,0,0,90.0327377319336,247.33616638183594,4,101
common resources The ODL will recognize the unique responsibilities and needs of public,11.039999961853027,ArialMT,0,0,0,90.0327377319336,259.9327697753906,4,87
"libraries, school libraries, college and university libraries and special libraries. The ODL",11.039999961853027,ArialMT,0,0,0,90.0327377319336,272.6508483886719,4,92
"envisions a digital network of information resources, allowing members to collaborate when",11.039999961853027,ArialMT,0,0,0,90.0327377319336,285.24749755859375,4,90
there is mutual benefit and to support the common mandates of local libraries.,11.039999961853027,ArialMT,0,0,0,90.0327377319336,297.8441467285156,4,78
The principles which will define and guide the ODL are:,11.039999961853027,ArialMT,0,0,0,90.0327377319336,322.5627136230469,4,55
Equitable access for all Ontarians:,11.039999961853027,Arial-BoldItalicMT,1,0,0,90.0327377319336,347.1819152832031,4,35
"We will bring consistent, high-quality electronic resources and services to 10 million",11.039999961853027,ArialMT,0,0,0,108.02793884277344,371.8783874511719,4,86
Ontario citizens,11.039999961853027,ArialMT,0,0,0,108.02793884277344,384.47503662109375,4,16
We will eliminate barriers to the access to information and create more consistent,11.039999961853027,ArialMT,0,0,0,108.02793884277344,409.0721435546875,4,82
services for library clients.,11.039999961853027,ArialMT,0,0,0,108.02793884277344,421.79022216796875,4,29
Shared decision-making and accountability:,11.039999961853027,Arial-BoldItalicMT,1,0,0,90.0327377319336,446.409423828125,4,42
We will facilitate consensus among members regarding ODL’s portfolio of electronic,11.039999961853027,ArialMT,0,0,0,108.02793884277344,471.10589599609375,4,82
licenses and services,11.039999961853027,ArialMT,0,0,0,108.02793884277344,483.7025451660156,4,21
We will balance the interests and realities of small and large as well as rich and poor,11.039999961853027,ArialMT,0,0,0,108.02793884277344,508.2996520996094,4,87
communities and institutions.,11.039999961853027,ArialMT,0,0,0,108.02793884277344,521.0177612304688,4,29
Shared governance structure:,11.039999961853027,Arial-BoldItalicMT,1,0,0,90.0327377319336,545.6369018554688,4,28
We will share decision-making in order to enable the people we serve.,11.039999961853027,ArialMT,0,0,0,108.02793884277344,570.3334350585938,4,69
We will work based on an underlying assumption of trust and synergy.,11.039999961853027,ArialMT,0,0,0,108.02793884277344,594.9306030273438,4,68
Shared funding:,11.039999961853027,Arial-BoldItalicMT,1,0,0,90.0327377319336,619.5497436523438,4,15
"We will leverage provincial, institutional, and local dollars to realize economies of scale",11.039999961853027,ArialMT,0,0,0,108.02793884277344,644.2462768554688,4,91
and put Ontario dollars to work for everyone,11.039999961853027,ArialMT,0,0,0,108.02793884277344,656.8428955078125,4,44
.,11.039999961853027,Arial-BoldItalicMT,1,0,0,311.18603515625,656.8649291992188,4,1
We will be willing to pool talents and dollars in order to provide common services that are,11.039999961853027,ArialMT,0,0,0,108.0279541015625,681.5614624023438,4,91
truly greater than those that can be maintained by individual institutions.,11.039999961853027,ArialMT,0,0,0,108.0279541015625,694.1580810546875,4,75
RFP: To Develop the Ontario Digital Library Business Plan,7.559999942779541,Arial-BoldItalicMT,1,0,0,90.04060363769531,732.7681274414062,4,57
March 2003,7.559999942779541,Arial-BoldItalicMT,1,1,0,296.70526123046875,732.7681274414062,4,10
4444,9.0,Arial-BlackItalic,0,0,0,516.3976440429688,731.2498779296875,4,4
Local points of entry:,11.039999961853027,Arial-BoldItalicMT,1,0,0,89.99970245361328,70.25466918945312,5,22
"We will provide the licenses, infrastructure, services and support that enable local",11.039999961853027,ArialMT,0,0,0,114.00066375732422,95.55839538574219,5,84
"libraries to provide exceptional services to their clientele. ODL will focus on support,",11.039999961853027,ArialMT,0,0,0,114.00066375732422,108.15501403808594,5,88
"providing the underpinning, not overshadowing.",11.039999961853027,ArialMT,0,0,0,114.00066375732422,120.87309265136719,5,46
Services envisioned for the ODL’s include:,11.039999961853027,ArialMT,0,0,0,89.99970245361328,146.0774383544922,5,42
Access:,11.039999961853027,Arial-BoldItalicMT,1,1,0,89.99970245361328,171.42526245117188,5,7
"to the “deep” web (i.e. Commercial, purchased electronic services)",11.039999961853027,ArialMT,0,0,0,107.99490356445312,184.1212615966797,5,66
to credible web sites and electronic resources,11.039999961853027,ArialMT,0,0,0,107.99490356445312,196.71788024902344,5,46
to digital government information,11.039999961853027,ArialMT,0,0,0,107.99490356445312,209.3144989013672,5,33
to local digital collections,11.039999961853027,ArialMT,0,0,0,107.99490356445312,222.03257751464844,5,28
Guidance and Advice:,11.039999961853027,Arial-BoldItalicMT,1,0,0,89.99970245361328,247.38052368164062,5,20
to support e-learning,11.039999961853027,ArialMT,0,0,0,107.99490356445312,259.9550476074219,5,21
"to support citizens, in real-time, as they try to use electronic resources",11.039999961853027,ArialMT,0,0,0,107.99490356445312,272.6731262207031,5,74
to assist citizens as they use web-links,11.039999961853027,ArialMT,0,0,0,107.99490356445312,285.269775390625,5,40
Training:,11.039999961853027,Arial-BoldItalicMT,1,1,0,89.99970245361328,297.8885192871094,5,9
for library workers,11.039999961853027,ArialMT,0,0,0,107.99490356445312,310.5845031738281,5,19
for the general public,11.039999961853027,ArialMT,0,0,0,107.99490356445312,323.18115234375,5,22
Provincial Purchasing & Licensing:,11.039999961853027,Arial-BoldItalicMT,1,1,0,89.99970245361328,348.52899169921875,5,34
of electronic content on a consortia basis for all member libraries,11.039999961853027,ArialMT,0,0,0,107.99490356445312,361.1035461425781,5,67
Technological Support:,11.039999961853027,Arial-BoldItalicMT,1,1,0,89.99970245361328,386.4513854980469,5,22
of common standards for the preservation and archiving local digital content,11.039999961853027,ArialMT,0,0,0,107.99490356445312,399.1473693847656,5,76
of a common interface to ODL resources and services that can be imbedded in local,11.039999961853027,ArialMT,0,0,0,107.99490356445312,411.7440185546875,5,81
library web sites,11.039999961853027,ArialMT,0,0,0,107.99490356445312,424.34063720703125,5,17
What could the ODL really mean?,11.039999961853027,Arial-Black,0,0,0,89.99971008300781,466.4582214355469,5,31
For each Ontario citizen it could mean:,11.039999961853027,Arial-BoldMT,1,0,0,89.99969482421875,491.9496154785156,5,39
One local point of entry to access seamless electronic library services and,11.039999961853027,ArialMT,0,0,0,162.0025634765625,504.7339172363281,5,75
"resources for their personal, educational and professional needs;",11.039999961853027,ArialMT,0,0,0,162.0025634765625,517.3306274414062,5,65
"Access to credible, high-quality, user-friendly electronic services through their",11.039999961853027,ArialMT,0,0,0,162.0025634765625,530.0486450195312,5,81
"community, school, or academic library;",11.039999961853027,ArialMT,0,0,0,162.0025634765625,542.645263671875,5,39
Confidence that the electronic services and sources they – and their children,11.039999961853027,ArialMT,0,0,0,162.00259399414062,555.2418823242188,5,77
"– are using are safe, valid, and bringing them both global and local",11.039999961853027,ArialMT,0,0,0,162.00259399414062,567.9599609375,5,68
perspectives;,11.039999961853027,ArialMT,0,0,0,162.00259399414062,580.556640625,5,13
Electronic information and tools that enhance job skills and the learning,11.039999961853027,ArialMT,0,0,0,162.00259399414062,593.2747192382812,5,73
experience,11.039999961853027,ArialMT,0,0,0,162.00257873535156,605.8713989257812,5,10
For each Ontario student it could mean:,11.039999961853027,Arial-BoldMT,1,0,0,89.99970245361328,630.4022827148438,5,39
"One local point of entry to quality, curriculum- based electronic information",11.039999961853027,ArialMT,0,0,0,162.00257873535156,643.1865844726562,5,77
resources and services,11.039999961853027,ArialMT,0,0,0,162.00257873535156,655.7832641601562,5,22
"Connection to their individual educational environment, whether at the",11.039999961853027,ArialMT,0,0,0,162.00257873535156,668.5013427734375,5,70
"elementary, secondary or post-secondary levels",11.039999961853027,ArialMT,0,0,0,162.00257873535156,681.0979614257812,5,46
RFP: To Develop the Ontario Digital Library Business Plan,7.559999942779541,Arial-BoldItalicMT,1,0,0,90.04060363769531,732.7681274414062,5,57
March 2003,7.559999942779541,Arial-BoldItalicMT,1,1,0,296.70526123046875,732.7681274414062,5,10
5555,9.0,Arial-BlackItalic,0,0,0,516.3976440429688,731.2498779296875,5,4
"Confidence that the services and resources people are using are credible,",11.039999961853027,ArialMT,0,0,0,162.0402069091797,70.33201599121094,6,73
available when they need them and adaptable to different learning styles,11.039999961853027,ArialMT,0,0,0,162.0402069091797,82.92863464355469,6,72
For each Ontario library it could mean:,11.039999961853027,Arial-BoldMT,1,0,0,90.0373306274414,108.18817901611328,6,39
One point of entry for themselves and their clientele to quality electronic,11.039999961853027,ArialMT,0,0,0,162.0402069091797,120.97251892089844,6,75
"resources and services that support and enhance their collections, programs",11.039999961853027,ArialMT,0,0,0,162.0402069091797,133.5691375732422,6,75
and services,11.039999961853027,ArialMT,0,0,0,162.0402069091797,146.16575622558594,6,12
"The opportunity to show case their local community, collections, services, and",11.039999961853027,ArialMT,0,0,0,162.0402069091797,158.8838348388672,6,78
expertise,11.039999961853027,ArialMT,0,0,0,162.0402069091797,171.4803924560547,6,9
"The opportunity to gain from the provincial, collaborative partnership in order",11.039999961853027,ArialMT,0,0,0,162.0402069091797,184.19847106933594,6,79
to provide a seamless gateway to digital resources and services,11.039999961853027,ArialMT,0,0,0,162.0402069091797,196.7950897216797,6,63
For the Ontario government it could mean:,11.039999961853027,Arial-BoldMT,1,0,0,90.03731536865234,222.05474853515625,6,41
A,11.039999961853027,Arial-ItalicMT,0,1,1,162.0402069091797,234.7728271484375,6,1
"point of entry to information services and resources for all Ontario citizens,",11.039999961853027,ArialMT,0,0,0,169.11685180664062,234.71763610839844,6,78
connecting to portal initiatives,11.039999961853027,ArialMT,0,0,0,162.0402069091797,247.4357147216797,6,32
.,11.039999961853027,Arial-ItalicMT,0,0,0,298.36212158203125,247.49090576171875,6,1
Support of the Ontario E-Learning strategy through a collaborative digital,11.039999961853027,ArialMT,0,0,0,162.0402069091797,260.0323181152344,6,74
library initiative that positions Ontario on the global e-learning scene,11.039999961853027,ArialMT,0,0,0,162.0402069091797,272.7503967285156,6,72
Improved access and flexibility for all students at all ages and stages,11.039999961853027,ArialMT,0,0,0,162.0402069091797,285.3470458984375,6,71
(supports Ontario’s lifelong learning strategy),11.039999961853027,ArialMT,0,0,0,162.0402069091797,297.9436950683594,6,47
The opportunity to address emerging job skills shortages and facilitate school,11.039999961853027,ArialMT,0,0,0,162.0402069091797,310.6617736816406,6,78
to work and job to job transitions with the necessary information and,11.039999961853027,ArialMT,0,0,0,162.0402069091797,323.2584228515625,6,69
knowledge supports and tools,11.039999961853027,ArialMT,0,0,0,162.0402069091797,335.97650146484375,6,28
ODL will be an incorporated non-profit organization governed by a Board of Directors elected,11.039999961853027,ArialMT,0,0,0,90.0373306274414,361.1807861328125,6,92
by a voting membership. The Board will include representatives from all stakeholders. We,11.039999961853027,ArialMT,0,0,0,90.0483627319336,373.89886474609375,6,88
envision a governance model similar to that prepared for the province’s ORION network.,11.039999961853027,ArialMT,0,0,0,90.0483627319336,386.4955139160156,6,86
"More information regarding the envisioned phasing, funding and resources required for the",11.039999961853027,ArialMT,0,0,0,90.0483627319336,411.2140808105469,6,89
ODL can be found in the appendixes.,11.039999961853027,ArialMT,0,0,0,90.0483627319336,423.81072998046875,6,35
The Business Plan to be Developed,12.0,Arial-Black,0,0,0,96.04060363769531,459.4200134277344,6,33
The business plan which needs to be developed for the ODL must be a formal business plan,11.039999961853027,ArialMT,0,0,0,90.04060363769531,501.7319030761719,6,88
"that documents and clearly communicates the ODL’s services, funding and governance",11.039999961853027,ArialMT,0,0,0,90.04060363769531,514.3285522460938,6,82
"structures, as well as implementation plans for 2004-2005, and operational plans for 2005-",11.039999961853027,ArialMT,0,0,0,90.04060363769531,526.9252319335938,6,90
"2007. The planning process must also secure the full commitment of all stakeholders, as",11.039999961853027,ArialMT,0,0,0,90.04060363769531,539.643310546875,6,87
represented on the Steering Committee.,11.039999961853027,ArialMT,0,0,0,90.04060363769531,552.2399291992188,6,38
"Specifically, the business plan must include:",11.039999961853027,ArialMT,0,0,0,90.04060363769531,576.3623657226562,6,45
"how the ODL will be implemented, including the timeline",11.039999961853027,ArialMT,0,0,0,132.03675842285156,601.6881103515625,6,55
the financial plan for the implementation,11.039999961853027,ArialMT,0,0,0,132.03675842285156,614.4061889648438,6,41
"the financial plan for the first 2 operating years, including capital and operating costs,",11.039999961853027,ArialMT,0,0,0,132.03675842285156,627.0028076171875,6,90
"revenues, etc.",11.039999961853027,ArialMT,0,0,0,135.03964233398438,639.5994262695312,6,14
a financial forecast for the succeeding 2 operating years,11.039999961853027,ArialMT,0,0,0,132.03680419921875,652.3175659179688,6,57
the services and products to be delivered by the ODL,11.039999961853027,ArialMT,0,0,0,132.03677368164062,664.9141845703125,6,52
how the ODL will operate and be managed following the implementation,11.039999961853027,ArialMT,0,0,0,132.03677368164062,677.6322631835938,6,68
"who will be involved, and what their role/responsibility will be, for both the",11.039999961853027,ArialMT,0,0,0,132.03677368164062,690.2288818359375,6,78
implementation and operational stages,11.039999961853027,ArialMT,0,0,0,130.6016082763672,702.8255004882812,6,37
RFP: To Develop the Ontario Digital Library Business Plan,7.559999942779541,Arial-BoldItalicMT,1,0,0,90.04060363769531,732.7681274414062,6,57
March 2003,7.559999942779541,Arial-BoldItalicMT,1,1,0,296.70526123046875,732.7681274414062,6,10
6666,9.0,Arial-BlackItalic,0,0,0,516.3976440429688,731.2498779296875,6,4
the marketing and communications plan for the ODL,11.039999961853027,ArialMT,0,0,0,132.0408935546875,70.33201599121094,7,49
the commitment of all stakeholders to their responsibilities,11.039999961853027,ArialMT,0,0,0,132.0408935546875,82.92863464355469,7,60
The process of developing this business plan must be extremely consultative to ensure that,11.039999961853027,ArialMT,0,0,0,90.04473876953125,108.25437927246094,7,90
all stakeholders are engaged in creating a synergistic ODL organization.,11.039999961853027,ArialMT,0,0,0,90.04473876953125,120.97245788574219,7,72
The proposal must,11.039999961853027,Arial-ItalicMT,0,0,0,425.9256896972656,121.02765655517578,7,17
indicate how this consultative process will be approached.,11.039999961853027,Arial-ItalicMT,0,0,0,90.04473876953125,133.624267578125,7,58
"The business plan for the ODL must address significant issues. There are, for example,",11.039999961853027,ArialMT,0,0,0,90.04473876953125,158.8948211669922,7,86
enormous differences in the financial resources available to libraries mandated to provide,11.039999961853027,ArialMT,0,0,0,90.04473876953125,171.49143981933594,7,90
"similar services. Some post-secondary and public libraries, particularly those in large urban",11.039999961853027,ArialMT,0,0,0,90.04473876953125,184.2095184326172,7,93
"areas, have the facilities, funding and technological infrastructure necessary to service their",11.039999961853027,ArialMT,0,0,0,90.04473876953125,196.80613708496094,7,95
"patrons with electronic services and resources.  Many others, particularly in rural regions, do",11.039999961853027,ArialMT,0,0,0,90.04473876953125,209.4027557373047,7,95
not.,11.039999961853027,ArialMT,0,0,0,90.04473876953125,222.12083435058594,7,4
The proposal must indicate how these issues will be approached.,11.039999961853027,Arial-ItalicMT,0,0,0,113.08522033691406,222.176025390625,7,63
Milestones,12.0,Arial-Black,0,1,0,96.04060363769531,270.4200134277344,7,10
1) A preliminary report will be issued during June 2003.,11.039999961853027,Arial-ItalicMT,0,0,0,108.04060363769531,301.1471862792969,7,56
"2) It is expected that an Interim Report, suitable for distribution to the broader library",11.039999961853027,Arial-ItalicMT,0,0,0,108.04060363769531,325.7442932128906,7,90
"community will be available by August 1, 2003 and that there will be an opportunity",11.039999961853027,Arial-ItalicMT,0,0,0,126.03580474853516,338.4623718261719,7,83
for responses to be evaluated.,11.039999961853027,Arial-ItalicMT,0,0,0,126.03580474853516,351.05902099609375,7,30
3) The business plan must be completed and approved by the ODL Steering Committee,11.039999961853027,Arial-ItalicMT,0,0,0,108.04060363769531,375.777587890625,7,81
"no later than September 30, 2003.",11.039999961853027,Arial-ItalicMT,0,0,0,126.03580474853516,388.3742370605469,7,33
Approach and Specific Proposal Requirements,12.0,Arial-Black,0,0,0,99.52059936523438,423.8999938964844,7,43
The firm/consultant,11.039999961853027,ArialMT,0,0,0,90.04060363769531,454.6919860839844,7,19
(or proposed team of consultants),11.039999961853027,Arial-ItalicMT,0,0,0,183.88059997558594,454.7471923828125,7,33
will be expected to work closely with,11.039999961853027,ArialMT,0,0,0,344.6781921386719,454.6919860839844,7,37
the ODL Steering Committee. Terms of reference for the Committee are in the appendix.,11.039999961853027,ArialMT,0,0,0,90.04058837890625,467.28863525390625,7,85
"Given the consultative nature of this business planning process, the firm/consultant will also",11.039999961853027,ArialMT,0,0,0,90.04058837890625,480.0067138671875,7,94
be expected to travel and communicate regularly with various stakeholders as well as with,11.039999961853027,ArialMT,0,0,0,90.04058837890625,492.6033630371094,7,89
electronic resource publishers/vendors.,11.039999961853027,ArialMT,0,0,0,90.04058837890625,505.1999816894531,7,39
The proposal should include the following information:,11.039999961853027,ArialMT,0,0,0,90.04058837890625,529.9186401367188,7,54
a) name of the firm/consultant,11.039999961853027,ArialMT,0,0,0,108.0357894897461,554.5157470703125,7,30
"b) names of those individuals who will be engaged in this project, their specific",11.039999961853027,ArialMT,0,0,0,108.03579711914062,567.2338256835938,7,81
responsibilities on this project and relevant experience/qualifications,11.039999961853027,ArialMT,0,0,0,108.03579711914062,579.8304443359375,7,71
c) description of similar engagements that highlight the firm’s experience in business,11.039999961853027,ArialMT,0,0,0,108.03579711914062,592.4270629882812,7,86
planning and building stakeholder commitment,11.039999961853027,ArialMT,0,0,0,108.03579711914062,605.1451416015625,7,44
d) references with details of work completed for these references,11.039999961853027,ArialMT,0,0,0,108.03579711914062,617.7417602539062,7,65
"e) description of the approach that will be used for completing the business plan,",11.039999961853027,ArialMT,0,0,0,108.03579711914062,630.4598999023438,7,82
including a timeline,11.039999961853027,ArialMT,0,0,0,108.03579711914062,643.0565185546875,7,20
"f) cost to complete the study including estimated expenses (i.e.: travel, etc.) and payment",11.039999961853027,ArialMT,0,0,0,108.03579711914062,655.6531372070312,7,91
structure,11.039999961853027,ArialMT,0,0,0,108.03579711914062,668.3712158203125,7,9
RFP: To Develop the Ontario Digital Library Business Plan,7.559999942779541,Arial-BoldItalicMT,1,0,0,90.04060363769531,732.7681274414062,7,57
March 2003,7.559999942779541,Arial-BoldItalicMT,1,1,0,296.70526123046875,732.7681274414062,7,10
7777,9.0,Arial-BlackItalic,0,0,0,516.3976440429688,731.2498779296875,7,4
Evaluation and Awarding of Contract,12.0,Arial-Black,0,0,0,96.04060363769531,81.30001068115234,8,35
The contract will be awarded to the bidder whose submission offers the best value; the contract will,11.039999961853027,ArialMT,0,0,0,90.04060363769531,120.97203063964844,8,100
not necessarily be awarded to the lowest bidder. We reserve the right not to award the contract to,11.039999961853027,ArialMT,0,0,0,90.04060363769531,133.6901092529297,8,98
any of the bidders responding to this RFP and we may seek further response.,11.039999961853027,ArialMT,0,0,0,90.04060363769531,146.28672790527344,8,75
"Specifically, proposals will be evaluated proposals according to the following criteria:",11.039999961853027,ArialMT,0,0,0,90.04060363769531,170.8838348388672,8,88
Quality of the proposal /approach outlined for undertaking the business planning process,11.039999961853027,ArialMT,0,0,0,126.04203796386719,208.3204803466797,8,88
Demonstrated experience,11.039999961853027,ArialMT,0,0,0,126.04203796386719,221.03855895996094,8,23
"Cost, including expenses",11.039999961853027,ArialMT,0,0,0,126.04203796386719,233.6351776123047,8,24
Timeline and projected completion date,11.039999961853027,ArialMT,0,0,0,126.04203796386719,246.23179626464844,8,38
Other relevant factors as determined by the ODL Steering Committee,11.039999961853027,ArialMT,0,0,0,126.04203796386719,259.4356384277344,8,66
Questions regarding this RFP should be directed by e-mail only to Michael Ridley,11.039999961853027,ArialMT,0,0,0,90.04060363769531,284.7503662109375,8,80
(mridley@uoguelph.ca).,11.039999961853027,ArialMT,0,0,0,90.04060363769531,297.46844482421875,8,22
Bidders are asked not to contact any other member of the ODL Catalyst Team or the ODL Steering,11.039999961853027,ArialMT,0,0,0,90.04060363769531,322.7831726074219,8,94
Committee.,11.039999961853027,ArialMT,0,1,0,90.04060363769531,335.37982177734375,8,10
RFP: To Develop the Ontario Digital Library Business Plan,7.559999942779541,Arial-BoldItalicMT,1,0,0,90.04060363769531,732.7681274414062,8,57
March 2003,7.559999942779541,Arial-BoldItalicMT,1,1,0,296.70526123046875,732.7681274414062,8,10
8888,9.0,Arial-BlackItalic,0,0,0,516.3976440429688,731.2498779296875,8,4
Appendix A:  ODL Envisioned Phases & Funding,12.0,Arial-Black,0,0,0,90.04060363769531,107.8199691772461,9,44
Phase I:  Business Planning,9.960000038146973,Arial-BoldMT,1,1,0,90.04049682617188,138.14248657226562,9,27
Timeline:,9.960000038146973,Arial-BoldMT,1,1,0,90.04049682617188,161.17996215820312,9,9
March 2003 – September 2003,9.960000038146973,Arial-ItalicMT,0,1,0,134.32266235351562,161.17996215820312,9,27
Funding Requested:,9.960000038146973,Arial-BoldMT,1,1,0,90.0405044555664,172.70370483398438,9,18
"~$100,000 jointly funded by stakeholder groups and the provincial government.",9.960000038146973,Arial-ItalicMT,0,0,0,187.3596649169922,172.70370483398438,9,77
Result:,9.960000038146973,Arial-BoldMT,1,1,0,90.0405044555664,195.62167358398438,9,7
The ODL business plan,9.960000038146973,Arial-ItalicMT,0,0,0,124.72122192382812,195.62167358398438,9,21
"The first phase will be to build the ODL business plan. This plan will clearly define the ODL’s services,",9.960000038146973,ArialMT,0,0,0,90.04049682617188,218.72885131835938,9,105
"funding and governance structures, as well as implementation plans for 2003-2005. It will also secure",9.960000038146973,ArialMT,0,0,0,90.04049682617188,230.25259399414062,9,101
the full commitment of all stakeholders and scope the operational plan for ODL for 2006 and beyond.,9.960000038146973,ArialMT,0,0,0,90.04049682617188,241.77633666992188,9,99
"Given the number and diversity of stakeholders involved, the business planning process must be a fully",9.960000038146973,ArialMT,0,0,0,90.04049682617188,264.6943054199219,9,102
consultative approach. To ensure that the planning results in a workable plan with the full commitment,9.960000038146973,ArialMT,0,0,0,90.04049682617188,276.218017578125,9,102
"of all stakeholders it must have competent, dedicated staffing and monies for the travel and",9.960000038146973,ArialMT,0,0,0,90.04049682617188,287.7417297363281,9,92
communication components so critical in a consultative process.,9.960000038146973,ArialMT,0,0,0,90.04049682617188,299.26544189453125,9,63
Phase II: Implementing and Transitioning,9.960000038146973,Arial-BoldMT,1,0,0,90.04049682617188,333.6374206542969,9,40
Timeline:,9.960000038146973,Arial-BoldMT,1,1,0,90.04049682617188,356.6748962402344,9,9
April 2004 – December 2006,9.960000038146973,Arial-ItalicMT,0,1,0,134.32266235351562,356.6748962402344,9,26
Funding Requested:,9.960000038146973,Arial-BoldMT,1,1,0,90.04049682617188,368.1985778808594,9,18
Funding from other states and provinces suggest that the ODL could receive,9.960000038146973,Arial-ItalicMT,0,0,0,187.3596649169922,368.1985778808594,9,74
"funding of up to $50 Million (over 3 years). Funding to be provided partnership of government, library",9.960000038146973,Arial-ItalicMT,0,0,0,90.0405044555664,379.7222900390625,9,102
stakeholders and other interested parties.,9.960000038146973,Arial-ItalicMT,0,0,0,90.04049682617188,391.1264953613281,9,42
Result:,9.960000038146973,Arial-BoldMT,1,1,0,90.04049682617188,414.1639709472656,9,7
The ODL is implemented and validated,9.960000038146973,Arial-ItalicMT,0,0,0,124.72122192382812,414.1639709472656,9,36
The second phase will be to implement the ODL based on the business plan. This phase recognizes,9.960000038146973,ArialMT,0,0,0,90.04049682617188,437.27117919921875,9,95
that for ODL to be optimally successful libraries must transition to a new way of doing business and,9.960000038146973,ArialMT,0,0,0,90.04049682617188,448.7948913574219,9,100
providing services. The transition must occur while libraries continue to provide existing services and,9.960000038146973,ArialMT,0,0,0,90.04049682617188,460.1990966796875,9,103
"respond to current challenges. This implementation phase will funded by a partnership of government,",9.960000038146973,ArialMT,0,0,0,90.04049682617188,471.7228088378906,9,100
library stakeholders and other interested parties as a means to quickly jumpstart the ODL.,9.960000038146973,ArialMT,0,0,0,90.04049682617188,483.24652099609375,9,90
The seed money requested will allow libraries to realign their budgets and services as the infrastructure,9.960000038146973,ArialMT,0,0,0,90.04049682617188,506.2839660644531,9,105
and content of the ODL is created and secured.,9.960000038146973,ArialMT,0,0,0,90.04049682617188,517.688232421875,9,46
"Some of the funding will be new money, although there",9.960000038146973,Arial-ItalicMT,0,0,0,291.40179443359375,517.7379760742188,9,53
is every indication that existing budgets and methods of operating may be modified as a result of,9.960000038146973,Arial-ItalicMT,0,0,0,90.04048156738281,529.1422119140625,9,97
recommendations,9.960000038146973,Arial-ItalicMT,0,0,0,90.04048156738281,540.6658935546875,9,15
". During this phase the polices, procedures, governance structures and accountability",9.960000038146973,ArialMT,0,0,0,165.75640869140625,540.6160888671875,9,85
"mechanisms of the ODL will be put in place. Pilot projects will be initiated, evaluated and expanded.",9.960000038146973,ArialMT,0,0,0,90.04048919677734,552.2593994140625,9,101
"Information resources will be identified, contracts for these resources will be negotiated and resources",9.960000038146973,ArialMT,0,0,0,90.04048919677734,563.7830810546875,9,104
will be made deployed through the ODL. Regular evaluation during this phase will ensure the ODL is,9.960000038146973,ArialMT,0,0,0,90.04048919677734,575.3067626953125,9,98
achieving its objectives and is accountable to its key communities.,9.960000038146973,ArialMT,0,0,0,90.04048919677734,586.8304443359375,9,67
Phase III: Operating and Growing the ODL,9.960000038146973,Arial-BoldMT,1,0,0,90.04048919677734,609.6787109375,9,40
Timeline:,9.960000038146973,Arial-BoldMT,1,1,0,90.04048919677734,632.7161865234375,9,9
January 2007 -,9.960000038146973,Arial-ItalicMT,0,1,0,134.32264709472656,632.7161865234375,9,14
Funding:,9.960000038146973,Arial-BoldMT,1,1,0,90.04048156738281,644.2399291992188,9,8
$50 Million annually ($35 Million requested from government),9.960000038146973,Arial-ItalicMT,0,0,0,133.47604370117188,644.2399291992188,9,60
Result:,9.960000038146973,Arial-BoldMT,1,1,0,90.04048919677734,667.157958984375,9,7
The ODL is fully operational and sustainable,9.960000038146973,Arial-ItalicMT,0,0,0,124.72120666503906,667.1578979492188,9,44
In the third phase the ODL moves into the operational stage. Ontarians will experience the full benefits,9.960000038146973,ArialMT,0,0,0,90.05046081542969,690.26513671875,9,104
of the initiative and libraries will consolidate support around the ODL to grow resources and extend,9.960000038146973,ArialMT,0,0,0,90.05046081542969,701.788818359375,9,100
RFP: To Develop the Ontario Digital Library Business Plan,7.559999942779541,Arial-BoldItalicMT,1,0,0,90.04060363769531,732.7681274414062,9,57
March 2003,7.559999942779541,Arial-BoldItalicMT,1,1,0,296.70526123046875,732.7681274414062,9,10
9999,9.0,Arial-BlackItalic,0,0,0,516.3976440429688,731.2498779296875,9,4
capabilities. The challenge is to secure resources sufficient to both sustain the original investments and,9.960000038146973,ArialMT,0,0,0,90.04060363769531,70.53298950195312,10,106
to enhance the ODL.,9.960000038146973,ArialMT,0,0,0,90.04060363769531,82.05673217773438,10,19
The ongoing funding of the ODL will be based on a partnership model involving all the key participants,9.960000038146973,ArialMT,0,0,0,90.04060363769531,104.97470092773438,10,102
"(i.e. government, libraries, donors, public and private sectors). All participants (i.e. beneficiaries) are",9.960000038146973,ArialMT,0,0,0,90.04060363769531,116.49844360351562,10,107
expected to make financial contributions to the ODL. It is important in achieving the full impact of the,9.960000038146973,ArialMT,0,0,0,90.0505599975586,128.02218627929688,10,104
"ODL on Ontario’s economy, society and learning support that all library sectors are participants",9.960000038146973,ArialMT,0,0,0,90.0505599975586,139.54592895507812,10,96
"(university, colleges, public libraries and schools).",9.960000038146973,ArialMT,0,0,0,90.0505599975586,151.06967163085938,10,53
"The proposed funding model requires a continuing government investment, but also recognizes that as",9.960000038146973,ArialMT,0,0,0,90.0505599975586,168.58920288085938,10,99
the ODL matures a growing share of ODL funding will come from libraries and non-governmental,9.960000038146973,ArialMT,0,0,0,90.04060363769531,179.99337768554688,10,92
sources. During the 3-year implementation phase (2004 – 2006) libraries will realign their budgets to,9.960000038146973,ArialMT,0,0,0,90.04060363769531,191.51712036132812,10,101
enable ongoing funding contributions to ODL. During the same period ODL must build the proposed,9.960000038146973,ArialMT,0,0,0,90.04060363769531,203.04086303710938,10,95
endowment and secure public and private sector gifts and/or in-kind contributions. The following chart,9.960000038146973,ArialMT,0,0,0,90.04060363769531,214.56460571289062,10,102
outlines the model. This model is based on these assumptions:,9.960000038146973,ArialMT,0,0,0,90.04060363769531,226.08834838867188,10,61
1. that ODL expenditures will increase by 50% over a 10 year period,9.960000038146973,ArialMT,0,0,0,108.03832244873047,243.60800170898438,10,67
2. that government funding will decrease from 70% to 45% during that 10 year period,9.960000038146973,ArialMT,0,0,0,108.03832244873047,261.0081481933594,10,83
"3. that library contributions, endowment and gifts/in-kind funding will increase from 30% to 55%",9.960000038146973,ArialMT,0,0,0,108.03832244873047,278.5278015136719,10,96
during the same period,9.960000038146973,ArialMT,0,0,0,126.0459976196289,290.051513671875,10,22
OVERVIEW OF ODL FUNDING MODEL,9.960000038146973,Arial-BoldMT,1,0,1,245.80503845214844,319.025146484375,10,29
Funding Source,12.0,Arial-BoldMT,1,1,0,114.40059661865234,342.1199951171875,10,14
2007,12.0,Arial-BoldMT,1,0,0,313.360595703125,342.1199951171875,10,4
2017,12.0,Arial-BoldMT,1,0,0,427.6005859375,342.1199951171875,10,4
Government,9.960000038146973,ArialMT,0,1,0,114.40059661865234,356.7330017089844,10,10
$35M (70%),9.960000038146973,ArialMT,0,1,1,300.4434509277344,356.7330017089844,10,10
$33.75M (45%),9.960000038146973,ArialMT,0,1,1,408.0612487792969,356.7330017089844,10,13
Libraries,9.960000038146973,ArialMT,0,1,0,114.40060424804688,368.73480224609375,10,9
$10M (20%),9.960000038146973,ArialMT,0,1,1,300.47332763671875,368.73480224609375,10,10
$22.5M (30%),9.960000038146973,ArialMT,0,1,1,410.7205810546875,368.73480224609375,10,12
Endowment,9.960000038146973,ArialMT,0,1,0,114.41058349609375,380.7366027832031,10,9
$4.5M (9%),9.960000038146973,ArialMT,0,1,1,301.7781066894531,380.7366027832031,10,10
$15M (20%),9.960000038146973,ArialMT,0,1,1,414.6846618652344,380.7366027832031,10,10
Gifts/In-Kind,9.960000038146973,ArialMT,0,1,0,114.41058349609375,392.7384033203125,10,13
$0.5M (1%),9.960000038146973,ArialMT,0,1,1,301.79803466796875,392.7384033203125,10,10
$3.75M (5%),9.960000038146973,ArialMT,0,1,1,413.389892578125,392.7384033203125,10,11
TOTAL ANNUAL,9.960000038146973,Arial-BoldMT,1,0,1,114.41061401367188,404.6705017089844,10,12
$50M,9.960000038146973,ArialMT,0,1,1,314.3277587890625,404.7402038574219,10,4
$75M,9.960000038146973,ArialMT,0,1,1,428.5589904785156,404.7402038574219,10,4
"While the private sector will be invited to participate in the ODL through the endowment, gifts and in-",9.960000038146973,ArialMT,0,0,0,90.0484619140625,439.77947998046875,10,103
"kind contributions, the ODL will also explore compatible commercial services which leverage the reach",9.960000038146973,ArialMT,0,0,0,90.0484619140625,451.3031921386719,10,101
of the ODL and help to offset operating costs.,9.960000038146973,ArialMT,0,0,0,90.0484619140625,462.826904296875,10,46
A $50M budget leverages the consortium buying power of the province’s libraries to secure the best,9.960000038146973,ArialMT,0,0,0,90.0484619140625,485.8643798828125,10,98
"prices for information resources, the widest accessibility and the most favourable contracts. A budget of",9.960000038146973,ArialMT,0,0,0,90.0484619140625,497.2685852050781,10,105
this nature will ensure a core digital collection of sufficient scope and coverage to address a substantial,9.960000038146973,ArialMT,0,0,0,90.0484619140625,508.7922668457031,10,107
amount of the wide and diverse information and learning needs of the citizens of Ontario (an overview,9.960000038146973,ArialMT,0,0,0,90.0484619140625,520.3160400390625,10,101
of the nature of the ODL digital collection is appended).,9.960000038146973,ArialMT,0,0,0,90.0484619140625,531.8397216796875,10,57
The proposed ODL expenditures in 2006,9.960000038146973,Arial-BoldItalicMT,1,0,0,322.365478515625,531.8596801757812,10,37
represent an investment of $5.00 per citizen.,9.960000038146973,Arial-BoldItalicMT,1,0,0,90.04847717285156,543.3833618164062,10,45
It is important to recognize that every new dollar per citizen invested in the Ontario Digital Library has a,9.960000038146973,ArialMT,0,0,0,90.04847717285156,566.2813720703125,10,108
double benefit: it supports a province-wide library of high quality information resources and it,9.960000038146973,ArialMT,0,0,0,90.04847717285156,577.8050537109375,10,96
strengthens every local library in Ontario by allowing them to reinvest existing dollars in new resources,9.960000038146973,ArialMT,0,0,0,90.04847717285156,589.328857421875,10,105
that enhance local services.,9.960000038146973,ArialMT,0,0,0,90.04847717285156,600.8525390625,10,28
This multiplier means that for every dollar invested in ODL the return,9.960000038146973,Arial-BoldItalicMT,1,0,0,208.9708709716797,600.8724975585938,10,70
on investment is worth $2 of value for Ontario.,9.960000038146973,Arial-BoldItalicMT,1,0,0,90.04847717285156,612.3961791992188,10,47
RFP: To Develop the Ontario Digital Library Business Plan,7.559999942779541,Arial-BoldItalicMT,1,0,0,90.04060363769531,732.7681274414062,10,57
March 2003,7.559999942779541,Arial-BoldItalicMT,1,1,0,296.70526123046875,732.7681274414062,10,10
10,9.0,Arial-BlackItalic,0,0,0,511.1205139160156,731.2498779296875,10,2
10,9.0,Arial-BlackItalic,0,0,0,510.87750244140625,731.492919921875,10,2
10,9.0,Arial-BlackItalic,0,0,0,511.1178283691406,731.492919921875,10,2
10,9.0,Arial-BlackItalic,0,0,0,510.87750244140625,731.2498779296875,10,2
Appendix B:,12.0,Arial-Black,0,1,0,96.04060363769531,92.8199691772461,11,11
ODL Steering Committee Terms of Reference,12.0,Arial-Black,0,0,0,198.01902770996094,92.8199691772461,11,41
1. Preamble,9.960000038146973,Arial-BoldMT,1,1,0,90.04060363769531,135.14248657226562,11,11
Implementation of the Ontario Digital Library (ODL) requires a detailed business plan to be developed,9.960000038146973,ArialMT,0,0,0,95.7974853515625,158.24966430664062,11,101
and supported by its diverse stakeholder communities (see:,9.960000038146973,ArialMT,0,0,0,95.7974853515625,169.65383911132812,11,58
www.odl.on.ca,9.960000038146973,ArialMT,0,0,0,347.3173828125,169.65383911132812,11,13
).  The business,9.960000038146973,ArialMT,0,0,0,408.8801574707031,169.65383911132812,11,16
"development planning and commitment process will be overseen by a Steering Committee, who are",9.960000038146973,ArialMT,0,0,0,95.79751586914062,181.17758178710938,11,93
accountable to potential ODL funders including  the Province of Ontario.,9.960000038146973,ArialMT,0,0,0,95.79751586914062,192.70132446289062,11,72
2. Terms of Reference,9.960000038146973,Arial-BoldMT,1,0,0,90.04063415527344,215.66909790039062,11,21
"In broad terms, the ODL Business Plan Steering Committee is responsible for development of the",9.960000038146973,ArialMT,0,0,0,95.79751586914062,238.65676879882812,11,94
"business plan, securing sector support, and management of the planners and process.  Specific",9.960000038146973,ArialMT,0,0,0,95.79751586914062,250.18051147460938,11,93
responsibilities include:,9.960000038146973,ArialMT,0,0,0,95.79751586914062,261.7042541503906,11,25
"2.1 developing a detailed business plan for the three-year implementation phase of the ODL, including",9.960000038146973,ArialMT,0,0,0,95.79751586914062,284.7417297363281,11,101
"governance, management, funding model and structure, organizational structure, marketing,",9.960000038146973,ArialMT,0,0,0,131.79295349121094,296.14593505859375,11,89
"staffing, and evaluation;",9.960000038146973,ArialMT,0,0,0,131.79295349121094,307.6696472167969,11,25
"2.2 consulting with and reporting to stakeholder communities, to ensure open, consistent and two-way",9.960000038146973,ArialMT,0,0,0,95.79751586914062,319.193359375,11,100
"communication, and to ensure meaningful opportunities for stakeholder input into decision-",9.960000038146973,ArialMT,0,0,0,131.79295349121094,330.7170715332031,11,90
making;,9.960000038146973,ArialMT,0,0,0,131.79295349121094,342.24078369140625,11,7
2.3 recruiting and managing the business planner(s);,9.960000038146973,ArialMT,0,0,0,95.79751586914062,353.7644958496094,11,52
"2.4 defining terms of reference and resource parameters for business planner(s), and authorizing",9.960000038146973,ArialMT,0,0,0,95.79751586914062,365.168701171875,11,96
expenditures;,9.960000038146973,ArialMT,0,0,0,131.79295349121094,376.6924133300781,11,13
2.5 serving as a focus group for business planner(s) to test ideas;,9.960000038146973,ArialMT,0,0,0,95.79751586914062,388.21612548828125,11,67
2.6 providing signoff for business planner(s) at key decision points of business plan development;,9.960000038146973,ArialMT,0,0,0,95.79751586914062,399.7398376464844,11,98
"2.7 securing commitment from library, government, and institutional stakeholders for implementation",9.960000038146973,ArialMT,0,0,0,95.79751586914062,411.2635498046875,11,99
of the business plan;,9.960000038146973,ArialMT,0,0,0,131.79295349121094,422.7872619628906,11,21
2.8 presenting the business plan to funders,9.960000038146973,ArialMT,0,0,0,95.79751586914062,434.19146728515625,11,43
2.9 undertaking advocacy efforts to promote the ODL to the broader communities including library,9.960000038146973,ArialMT,0,0,0,95.79751586914062,445.7151794433594,11,96
and education communities.,9.960000038146973,ArialMT,0,0,0,131.79295349121094,457.2388916015625,11,26
3. Membership,9.960000038146973,Arial-BoldMT,1,1,0,90.03067016601562,480.2066650390625,11,13
"Each of the four sectors, Schools, Colleges, Universities, and Public Libraries can appoint up to two",9.960000038146973,ArialMT,0,0,0,95.78755187988281,503.1943664550781,11,101
representatives to the steering committee,9.960000038146973,ArialMT,0,0,0,95.78755187988281,514.718017578125,11,41
3.1 Schools:,9.960000038146973,ArialMT,0,1,0,95.78755187988281,537.7554931640625,11,12
- Ontario School Library Association (OSLA) and The Association of Library Consultants and,9.960000038146973,ArialMT,0,0,0,126.02610778808594,549.2791748046875,11,90
Coordinators of Ontario (TALCO)  (,9.960000038146973,ArialMT,0,0,0,126.02610778808594,560.56396484375,11,34
Executive Council of OSLA to name representative in,9.960000038146973,Arial-ItalicMT,0,0,0,273.2647705078125,560.6137084960938,11,51
consultation with TALCO,9.960000038146973,Arial-ItalicMT,0,0,0,126.02609252929688,572.137451171875,11,23
),9.960000038146973,ArialMT,0,0,0,230.18777465820312,572.087646484375,11,1
3.2 Universities:,9.960000038146973,ArialMT,0,1,0,95.78753662109375,583.7308349609375,11,17
- Ontario Council of University Libraries (OCUL) (,9.960000038146973,ArialMT,0,0,0,126.02609252929688,595.1351318359375,11,50
OCUL to name,9.960000038146973,Arial-ItalicMT,0,0,0,330.8734130859375,595.1848754882812,11,12
),9.960000038146973,ArialMT,0,0,0,394.3485107421875,595.1351318359375,11,1
3.3 Colleges:,9.960000038146973,ArialMT,0,1,0,95.78753662109375,606.7783203125,11,13
"- Bibliocentre, and Heads of Libraries and Learning Resources (UAG and HLLR",9.960000038146973,ArialMT,0,0,0,126.02609252929688,618.1824951171875,11,75
to name,9.960000038146973,Arial-ItalicMT,0,0,0,461.5356750488281,618.2322998046875,11,7
),9.960000038146973,ArialMT,0,0,0,498.500244140625,618.1824951171875,11,1
3.4 Public libraries:,9.960000038146973,ArialMT,0,0,0,95.77761840820312,629.7061767578125,11,21
"- Administrators of Medium-sized Public Libraries of Ontario (AMPLO), Administrators of Rural",9.960000038146973,ArialMT,0,0,0,126.01617431640625,641.22998046875,11,93
"Urban Public Libraries of Ontario (ARUPLO), Administrators of Small Public Libraries of",9.960000038146973,ArialMT,0,0,0,126.01616668701172,652.753662109375,11,87
Ontario (ASPLO) and Chief Executives of Large-sized Public Libraries of Ontario (CELPLO),9.960000038146973,ArialMT,0,0,0,126.01616668701172,664.27734375,11,88
(,9.960000038146973,ArialMT,0,0,0,126.01616668701172,675.6815185546875,11,1
"Executives of AMPLO, ARUPLO, ASPLO and CELPLO to name",9.960000038146973,Arial-ItalicMT,0,0,0,129.13365173339844,675.7313232421875,11,53
),9.960000038146973,ArialMT,0,0,0,399.24884033203125,675.6815185546875,11,1
RFP: To Develop the Ontario Digital Library Business Plan,7.559999942779541,Arial-BoldItalicMT,1,0,0,90.04060363769531,732.7681274414062,11,57
March 2003,7.559999942779541,Arial-BoldItalicMT,1,1,0,296.70526123046875,732.7681274414062,11,10
11,9.0,Arial-BlackItalic,0,0,0,511.1205139160156,731.2498779296875,11,2
11,9.0,Arial-BlackItalic,0,0,0,510.87750244140625,731.492919921875,11,2
11,9.0,Arial-BlackItalic,0,0,0,511.1178283691406,731.492919921875,11,2
11,9.0,Arial-BlackItalic,0,0,0,510.87750244140625,731.2498779296875,11,2
3.5 Ontario Library Association representative (ex-officio)  (,9.960000038146973,ArialMT,0,0,0,95.81950378417969,70.44259643554688,12,62
OLA to appoint one representative,9.960000038146973,Arial-ItalicMT,0,0,0,341.58251953125,70.4924545288086,12,33
),9.960000038146973,ArialMT,0,0,0,485.46466064453125,70.44265747070312,12,1
- Role of the OLA ex-officio member: To act as a liaison between the steering committee and,9.960000038146973,ArialMT,0,0,0,126.06802368164062,82.08590698242188,12,91
"the OLA Board, and to assist the chair with the administrative responsibilities connected with",9.960000038146973,ArialMT,0,0,0,126.0680160522461,93.60964965820312,12,94
"the preparation of the business plan, finance, and communications.",9.960000038146973,ArialMT,0,0,0,126.0680160522461,105.01382446289062,12,66
"3.6 It is anticipated that as planning for the ODL evolves, the Steering Committee may, at its",9.960000038146973,ArialMT,0,0,0,95.82945251464844,128.05130004882812,12,94
"discretion, call on invited experts to advise on issues as required.",9.960000038146973,ArialMT,0,0,0,95.82945251464844,139.57504272460938,12,68
4. Appointment Criteria and Process,9.960000038146973,Arial-BoldMT,1,0,0,90.07257080078125,162.54281616210938,12,35
4.1,9.960000038146973,ArialMT,0,0,0,95.82945251464844,186.13803100585938,12,3
Groups and organizations named in Section 3 above are responsible for appointing up to two,9.960000038146973,ArialMT,0,0,0,126.05805206298828,186.13803100585938,12,90
representatives to the Steering Committee.,9.960000038146973,ArialMT,0,0,0,131.83485412597656,198.13980102539062,12,42
4.2,9.960000038146973,ArialMT,0,0,0,95.83941650390625,222.14340209960938,12,3
Desired characteristics for steering committee appointees include:,9.960000038146973,ArialMT,0,0,0,126.0680160522461,222.14340209960938,12,66
•,9.960000038146973,Symbol,0,0,0,108.08025360107422,246.91390991210938,12,1
Strategic thinkers;,9.960000038146973,ArialMT,0,0,0,126.07797241210938,246.26651000976562,12,19
•,9.960000038146973,Symbol,0,0,0,108.08025360107422,259.1547546386719,12,1
Committed to the concept of multi-sector partnerships;,9.960000038146973,ArialMT,0,0,0,126.07797241210938,258.5073547363281,12,54
•,9.960000038146973,Symbol,0,0,0,108.08025360107422,271.27606201171875,12,1
Knowledgeable about digital libraries and resources;,9.960000038146973,ArialMT,0,0,0,126.07797241210938,270.628662109375,12,52
•,9.960000038146973,Symbol,0,0,0,108.08025360107422,283.51690673828125,12,1
Knowledgeable about government structures;,9.960000038146973,ArialMT,0,0,0,126.07797241210938,282.8695068359375,12,42
•,9.960000038146973,Symbol,0,0,0,108.08025360107422,295.6382141113281,12,1
Respected by their communities; influential;,9.960000038146973,ArialMT,0,0,0,126.07797241210938,294.9908142089844,12,44
•,9.960000038146973,Symbol,0,0,0,108.08025360107422,307.759521484375,12,1
Able to take a consultative approach;,9.960000038146973,ArialMT,0,0,0,126.07797241210938,307.11212158203125,12,37
•,12.0,Symbol,0,0,0,108.04060363769531,319.9200134277344,12,1
Able to devote time to Steering Committee business: approximately one day per month for,9.960000038146973,ArialMT,0,0,0,126.04060363769531,321.3330078125,12,87
meetings plus 2-3 working days per month on related activities,9.960000038146973,ArialMT,0,0,0,126.04060363769531,334.5299987792969,12,62
.,12.0,ArialMT,0,0,0,386.68060302734375,332.3399963378906,12,1
5. Term,9.960000038146973,Arial-BoldMT,1,1,0,90.04049682617188,357.9825134277344,12,7
Expected term on the Steering Committee is the time required to complete development of the,9.960000038146973,ArialMT,0,0,0,95.79737854003906,381.0897216796875,12,91
business plan plus two months. This process is expected to take approximately 6 months.,9.960000038146973,ArialMT,0,0,0,95.79737854003906,392.4939270019531,12,87
6. Chair,9.960000038146973,Arial-BoldMT,1,1,0,90.04049682617188,415.4617004394531,12,8
Chair will be appointed by the Board of the Ontario Library Association.,9.960000038146973,ArialMT,0,0,0,95.79737854003906,438.56890869140625,12,72
Role of the Chair:,9.960000038146973,ArialMT,0,0,0,95.79737854003906,463.7677001953125,12,18
In addition to the characteristics for appointees (4.2) the role of the chair will be as a process agent,9.960000038146973,ArialMT,0,0,0,95.79737854003906,486.80517578125,12,104
"working with the selected consultant(s), OLA, and the Steering Committee to prepare the business",9.960000038146973,ArialMT,0,0,0,95.79737854003906,498.3288879394531,12,96
plan. The chair must be able to devote 5-8 days per month on activities related to the preparation of,9.960000038146973,ArialMT,0,0,0,95.79737854003906,509.8525695800781,12,101
"the business plan, and communications to stakeholders, funders, and government.",9.960000038146973,ArialMT,0,0,0,95.79737854003906,521.3763427734375,12,79
7. Meetings,9.960000038146973,Arial-BoldMT,1,1,0,90.04049682617188,544.2245483398438,12,11
It is expected that in person meetings are held once per month and the majority of business will be,9.960000038146973,ArialMT,0,0,0,95.79737854003906,567.331787109375,12,99
"conducted by e-mail, and teleconference.",9.960000038146973,ArialMT,0,0,0,95.79737854003906,578.85546875,12,40
8. Lines of Accountability and Communication,9.960000038146973,Arial-BoldMT,1,0,0,90.04049682617188,601.7036743164062,12,44
"8.1 The Steering Committee is accountable to the Province of Ontario, and to its business plan",9.960000038146973,ArialMT,0,0,0,95.79737854003906,624.8109130859375,12,94
funders.,9.960000038146973,ArialMT,0,0,0,131.79281616210938,636.3345947265625,12,8
8.2 The role of the Ontario Library Association is to assume responsibility for  funds contributed by the,9.960000038146973,ArialMT,0,0,0,95.79737854003906,659.3720703125,12,105
"ODL funders to finance the business plan, to hold the funds in a separate account, and",9.960000038146973,ArialMT,0,0,0,131.79281616210938,670.7762451171875,12,86
disperse them for purposes as  directed by the Steering Committee. OLA will provide,9.960000038146973,ArialMT,0,0,0,131.79281616210938,682.300048828125,12,83
financial reports to the Steering Committee as requested and shall comply with all,9.960000038146973,ArialMT,0,0,0,131.79281616210938,693.82373046875,12,82
government reporting regulations for funds received.,9.960000038146973,ArialMT,0,0,0,131.79281616210938,705.347412109375,12,52
RFP: To Develop the Ontario Digital Library Business Plan,7.559999942779541,Arial-BoldItalicMT,1,0,0,90.04060363769531,732.7681274414062,12,57
March 2003,7.559999942779541,Arial-BoldItalicMT,1,1,0,296.70526123046875,732.7681274414062,12,10
12,9.0,Arial-BlackItalic,0,0,0,511.1205139160156,731.2498779296875,12,2
12,9.0,Arial-BlackItalic,0,0,0,510.87750244140625,731.492919921875,12,2
12,9.0,Arial-BlackItalic,0,0,0,511.1178283691406,731.492919921875,12,2
12,9.0,Arial-BlackItalic,0,0,0,510.87750244140625,731.2498779296875,12,2
8.3 The Steering Committee is accountable to its constituent groups and other stakeholders for,9.960000038146973,ArialMT,0,0,0,95.80059814453125,82.07662963867188,13,94
ongoing communications and consultation on issues and progress.  The Steering committee,9.960000038146973,ArialMT,0,0,0,131.80599975585938,93.60037231445312,13,87
is responsible for strong liaison with government particularly the Chief Information Officer,9.960000038146973,ArialMT,0,0,0,131.80599975585938,105.00454711914062,13,92
"Community Services Cluster, ADM’s and Deputy Ministers.",9.960000038146973,ArialMT,0,0,0,131.80599975585938,116.52828979492188,13,55
9. Financial and Administrative Policies,9.960000038146973,Arial-BoldMT,1,0,0,90.04371643066406,139.49606323242188,13,40
9.1 Service on the Steering Committee is non-remunerative,9.960000038146973,ArialMT,0,0,0,95.81055450439453,162.60324096679688,13,57
9.2 Travel and meeting expenses for Steering Committee members are reimbursed according to the,9.960000038146973,ArialMT,0,0,0,95.81055450439453,174.00741577148438,13,94
policies of the Ontario Library Association,9.960000038146973,ArialMT,0,0,0,131.81594848632812,185.53115844726562,13,43
9.3 Conflict of Interest:,9.960000038146973,ArialMT,0,0,0,95.810546875,197.05490112304688,13,25
The ODL Steering Committee will function according to standard conflict of interest guidelines,9.960000038146973,ArialMT,0,0,0,126.04910278320312,208.57864379882812,13,94
"ensuring that members,  their immediate family members, or their places of employment, will",9.960000038146973,ArialMT,0,0,0,126.04910278320312,220.10232543945312,13,91
not benefit financially from the decisions  the Steering Committee might make. As a first,9.960000038146973,ArialMT,0,0,0,126.0490951538086,231.62606811523438,13,89
"order of business, the Steering Committee will be expected to adopt a conflict of interest policy",9.960000038146973,ArialMT,0,0,0,126.0490951538086,243.03024291992188,13,97
statement and procedural guidelines that will govern its work.,9.960000038146973,ArialMT,0,0,0,126.0490951538086,254.55398559570312,13,62
RFP: To Develop the Ontario Digital Library Business Plan,7.559999942779541,Arial-BoldItalicMT,1,0,0,90.04060363769531,732.7681274414062,13,57
March 2003,7.559999942779541,Arial-BoldItalicMT,1,1,0,296.70526123046875,732.7681274414062,13,10
13,9.0,Arial-BlackItalic,0,0,0,511.1205139160156,731.2498779296875,13,2
13,9.0,Arial-BlackItalic,0,0,0,510.87750244140625,731.492919921875,13,2
13,9.0,Arial-BlackItalic,0,0,0,511.1178283691406,731.492919921875,13,2
13,9.0,Arial-BlackItalic,0,0,0,510.87750244140625,731.2498779296875,13,2
Appendix C:,12.0,Arial-Black,0,1,0,96.04060363769531,92.8199691772461,14,11
ODL’s Envisioned Electronic Resources,12.0,Arial-Black,0,0,0,198.00100708007812,92.8199691772461,14,37
The purpose of the ODL is to provide equal access to information for all Ontario citizens through,9.960000038146973,ArialMT,0,0,0,96.04039764404297,135.21267700195312,14,97
collaboration and resource sharing. ODL will be a portal - capable of customization as,9.960000038146973,ArialMT,0,0,0,96.04039764404297,146.73641967773438,14,86
"a home page for local libraries - to organized, comprehensive, authoritative and validated",9.960000038146973,ArialMT,0,0,0,96.04039764404297,158.26016235351562,14,90
e-information resources to meet the needs of all Ontario citizens at all stages and in all aspects,9.960000038146973,ArialMT,0,0,0,96.04039764404297,169.66433715820312,14,98
"of their education, life and work. Some examples:",9.960000038146973,ArialMT,0,0,0,96.04039764404297,181.18807983398438,14,49
1. Reference Resources,9.960000038146973,ArialMT,0,1,0,96.04039764404297,204.22555541992188,14,22
"- directories: companies, associations, organizations, governments, educational institutions,",9.960000038146973,ArialMT,0,0,0,96.04039764404297,227.26303100585938,14,93
etc. etc.,9.960000038146973,ArialMT,0,0,0,96.04039764404297,238.66720581054688,14,9
"- almanacs, country information",9.960000038146973,ArialMT,0,0,0,96.04039764404297,250.19094848632812,14,31
"- dictionaries, thesauri, encyclopedias",9.960000038146973,ArialMT,0,0,0,96.04039764404297,261.7146911621094,14,39
-consumer information,9.960000038146973,ArialMT,0,0,0,96.04039764404297,273.2384033203125,14,21
"- phone books,",9.960000038146973,ArialMT,0,0,0,96.04039764404297,284.7621154785156,14,14
"- travel guides, entertainment guides",9.960000038146973,ArialMT,0,0,0,96.04039764404297,296.16632080078125,14,37
- weather information,9.960000038146973,ArialMT,0,0,0,96.04039764404297,307.6900329589844,14,21
- media/newspapers,9.960000038146973,ArialMT,0,0,0,96.04039764404297,319.2137451171875,14,18
"- leisure time, recreational activity guides",9.960000038146973,ArialMT,0,0,0,96.04039764404297,330.7374572753906,14,44
- indexing and abstracting services,9.960000038146973,ArialMT,0,0,0,96.04039764404297,342.26116943359375,14,35
"- currency converters,",9.960000038146973,ArialMT,0,0,0,96.04039764404297,353.7848815917969,14,22
- virtual reference services,9.960000038146973,ArialMT,0,0,0,96.04039764404297,365.1890869140625,14,28
-vocational/career information,9.960000038146973,ArialMT,0,0,0,96.04039764404297,376.7127990722656,14,30
-internet search engines,9.960000038146973,ArialMT,0,0,0,96.04039764404297,388.23651123046875,14,24
-current awareness services,9.960000038146973,ArialMT,0,0,0,96.04039764404297,399.7602233886719,14,27
2. Subject Guides,9.960000038146973,ArialMT,0,1,0,96.03853607177734,422.7976989746094,14,17
-arts and humanities,9.960000038146973,ArialMT,0,0,0,96.03853607177734,445.7156677246094,14,20
- business and economics,9.960000038146973,ArialMT,0,0,0,96.03853607177734,457.2393798828125,14,24
- education,9.960000038146973,ArialMT,0,0,0,96.0404052734375,468.76312255859375,14,11
-recreation and sports,9.960000038146973,ArialMT,0,0,0,96.0404052734375,480.2868347167969,14,22
"-entertainment - games, activities for kids",9.960000038146973,ArialMT,0,0,0,96.0404052734375,491.6910400390625,14,43
-health information,9.960000038146973,ArialMT,0,0,0,96.0404052734375,503.2148132324219,14,19
-science and technology,9.960000038146973,ArialMT,0,0,0,96.0404052734375,514.738525390625,14,23
-social sciences,9.960000038146973,ArialMT,0,0,0,96.0404052734375,526.26220703125,14,16
-society and culture,9.960000038146973,ArialMT,0,0,0,96.0404052734375,537.785888671875,14,20
3. Educational tool-kits,9.960000038146973,ArialMT,0,0,0,96.0404052734375,560.703857421875,14,24
"-guides to information gathering methodologies, information literacy",9.960000038146973,ArialMT,0,0,0,96.0404052734375,583.7413330078125,14,68
-study guides,9.960000038146973,ArialMT,0,0,0,96.04039001464844,595.2650146484375,14,13
-study skill development,9.960000038146973,ArialMT,0,0,0,96.04039001464844,606.788818359375,14,24
-web-based curricula,9.960000038146973,ArialMT,0,0,0,96.04039001464844,618.3125,14,20
-internet search guides,9.960000038146973,ArialMT,0,0,0,96.04241180419922,629.716796875,14,23
"4. Journals, books, maps, music etc.",9.960000038146973,ArialMT,0,0,0,96.04241180419922,652.7542724609375,14,36
RFP: To Develop the Ontario Digital Library Business Plan,7.559999942779541,Arial-BoldItalicMT,1,0,0,90.04060363769531,732.7681274414062,14,57
March 2003,7.559999942779541,Arial-BoldItalicMT,1,1,0,296.70526123046875,732.7681274414062,14,10
14,9.0,Arial-BlackItalic,0,0,0,511.1205139160156,731.2498779296875,14,2
14,9.0,Arial-BlackItalic,0,0,0,510.87750244140625,731.492919921875,14,2
14,9.0,Arial-BlackItalic,0,0,0,511.1178283691406,731.492919921875,14,2
14,9.0,Arial-BlackItalic,0,0,0,510.87750244140625,731.2498779296875,14,2
